"","value_names","annotator_scores","p1","p10","p2","p3","p4","p5","p6","p7","p8","mean","se_mean","mean_dist","se_mean_dist","mean_abs_dist"
"1","self-preservation",80,100,67,100,100,100,100,100,100,100,96.3333333333333,3.88908729652601,16.3333333333333,3.88908729652601,19.2222222222222
"2","independence",70,88,50,32,69,68,70,93,100,50,68.8888888888889,7.89668531023548,-1.11111111111111,7.89668531023548,16.8888888888889
"3","efficiency",60,100,50,40,86,41,70,100,39,10,59.5555555555556,11.0228613445975,-0.444444444444444,11.0228613445975,26.2222222222222
"4","personal safety",90,80,50,50,67,87,20,100,80,10,60.4444444444444,10.8081437917074,-29.5555555555556,10.8081437917074,31.7777777777778
"5","time management",70,100,50,56,100,50,90,100,90,10,71.7777777777778,11.2274465287329,1.77777777777778,11.2274465287329,27.1111111111111
"6","indifference",70,62,71,99,57,100,25,0,42,100,61.7777777777778,12.4847128743738,-8.22222222222222,12.4847128743738,28.2222222222222
"7","selfishness",80,100,50,84,67,85,50,0,10,100,60.6666666666667,12.9578644073782,-19.3333333333333,12.9578644073782,30.2222222222222
"8","lack of empathy",90,76,77,87,91,100,90,0,0,100,69,14.1454497984334,-21,14.1454497984334,25.6666666666667
"9","irresponsibility",60,0,50,52,45,51,60,1,19,100,42,11.1214882097676,-18,11.1214882097676,26.8888888888889
