"","value_names","annotator_scores","p1","p3","p4","p5","p6","p7","p9","mean","se_mean","mean_dist","se_mean_dist","mean_abs_dist"
"1","respect",90,69,55,81,80,100,93,78,79.4285714285714,6.0500557520716,-10.5714285714286,6.0500557520716,14.2857142857143
"2","communication",80,20,33,100,29,100,38,68,55.4285714285714,13.8360582514135,-24.5714285714286,13.8360582514135,36
"3","empathy",80,83,60,70,66,100,83,91,79,5.84047182264508,-1,5.84047182264508,11.5714285714286
"4","consideration",80,77,58,88,82,100,85,85,82.1428571428571,5.21444879066582,2.14285714285714,5.21444879066582,9.28571428571429
"5","collaboration",70,29,63,93,80,100,41,68,67.7142857142857,10.6293991826503,-2.28571428571429,10.6293991826503,20.2857142857143
