"","value_names","annotator_scores","p1","p11","p3","p5","p6","p7","p8","mean","se_mean","mean_dist","se_mean_dist","mean_abs_dist","values_missing"
"1","compassion",90,75,76,100,88,38,26,77,68.5714285714286,10.9032542105993,-21.4285714285714,10.9032542105993,24.2857142857143,""
"2","responsibility",80,10,83,79,99,72,13,70,60.8571428571429,14.2972968918148,-19.1428571428571,14.2972968918148,25.4285714285714,""
"3","empathy",80,75,85,86,76,65,33,74,70.5714285714286,7.35926152264819,-9.42857142857143,7.35926152264819,12.5714285714286,""
"4","diligence",70,50,72,74,94,41,32,56,59.8571428571429,8.75096366575505,-10.1428571428571,8.75096366575505,18.7142857142857,""
"5","altruism",80,50,14,61,79,57,28,48,48.1428571428571,8.77315530286874,-31.8571428571429,8.77315530286874,31.8571428571429,""
"6","neglect",100,90,50,31,81,75,77,74,68.2857142857143,8.3523592332888,-31.7142857142857,8.35235923328881,31.7142857142857,""
"7","irresponsibility",90,100,81,13,77,72,89,74,72.2857142857143,11.381550093888,-17.7142857142857,11.381550093888,20.5714285714286,""
"8","indifference",80,96,50,26,45,66,36,26,49.2857142857143,10.1945363518196,-30.7142857142857,10.1945363518196,35.2857142857143,""
